{
	"partitions" : [
		{
			"name" : "Top",
			"pins" : [
				{
					"name" : "light",
					"strict" : false
				},
				{
					"name" : "d1[6]",
					"strict" : false
				},
				{
					"name" : "d1[5]",
					"strict" : false
				},
				{
					"name" : "d1[4]",
					"strict" : false
				},
				{
					"name" : "d1[2]",
					"strict" : false
				},
				{
					"name" : "d1[1]",
					"strict" : false
				},
				{
					"name" : "d2[6]",
					"strict" : false
				},
				{
					"name" : "d2[5]",
					"strict" : false
				},
				{
					"name" : "d2[4]",
					"strict" : false
				},
				{
					"name" : "d2[3]",
					"strict" : false
				},
				{
					"name" : "d2[0]",
					"strict" : false
				},
				{
					"name" : "d3[5]",
					"strict" : false
				},
				{
					"name" : "d3[4]",
					"strict" : false
				},
				{
					"name" : "d3[3]",
					"strict" : false
				},
				{
					"name" : "d4[5]",
					"strict" : false
				},
				{
					"name" : "d4[4]",
					"strict" : false
				},
				{
					"name" : "d4[3]",
					"strict" : false
				},
				{
					"name" : "d5[5]",
					"strict" : false
				},
				{
					"name" : "d5[4]",
					"strict" : false
				},
				{
					"name" : "d5[3]",
					"strict" : false
				},
				{
					"name" : "d5[2]",
					"strict" : false
				},
				{
					"name" : "d5[1]",
					"strict" : false
				},
				{
					"name" : "d5[0]",
					"strict" : false
				},
				{
					"name" : "L",
					"strict" : false
				},
				{
					"name" : "IR",
					"strict" : false
				},
				{
					"name" : "clk",
					"strict" : false
				},
				{
					"name" : "reset",
					"strict" : false
				}
			]
		}
	]
}